"Name","GameMode","NPC","PveWave","TutorialKey","TID"
"String","String","String","String","String","String"
"TEST_1","PvE_CardDelivery_Test_1","PVE_TEST_1","CardDelivery_LittlePrince_1","CARD_DELIVERY_TEST_1","TID_TEST_BATTLE_1"
"TEST_2","PvE_CardDelivery_Test_1","PVE_TEST_1","CardDelivery_LittlePrince_2","CARD_DELIVERY_TEST_1","TID_TEST_BATTLE_2"
"TEST_3","PvE_CardDelivery_Test_1","PVE_TEST_1","CardDelivery_LittlePrince_3","CARD_DELIVERY_TEST_1","TID_TEST_BATTLE_3"
"LittlePrince_1","CardDelivery_LittlePrince_1","CardDelivery","CardDelivery_LittlePrince_1","CARD_DELIVERY_LITTLE_PRINCE_1","TID_CARD_DELIVERY_LITTLE_PRINCE_BATTLE_1"
"LittlePrince_2","CardDelivery_LittlePrince_2","CardDelivery","CardDelivery_LittlePrince_2","CARD_DELIVERY_LITTLE_PRINCE_2","TID_CARD_DELIVERY_LITTLE_PRINCE_BATTLE_2"
"LittlePrince_3","CardDelivery_LittlePrince_3","CardDelivery","CardDelivery_LittlePrince_3","CARD_DELIVERY_LITTLE_PRINCE_3","TID_CARD_DELIVERY_LITTLE_PRINCE_BATTLE_3"
"DaggerDuchess_1","CardDelivery_DaggerDuchess_1","CardDeliveryPrincess","CardDelivery_DaggerDuchess_1","CARD_DELIVERY_DAGGER_DUCHESS_1","TID_CARD_DELIVERY_DAGGER_DUCHESS_BATTLE_1"
"DaggerDuchess_2","CardDelivery_DaggerDuchess_2","CardDeliveryDD","CardDelivery_DaggerDuchess_2","CARD_DELIVERY_DAGGER_DUCHESS_2","TID_CARD_DELIVERY_DAGGER_DUCHESS_BATTLE_2"
"DaggerDuchess_3","CardDelivery_DaggerDuchess_3","CardDeliveryPrincess","CardDelivery_DaggerDuchess_3","CARD_DELIVERY_DAGGER_DUCHESS_3","TID_CARD_DELIVERY_DAGGER_DUCHESS_BATTLE_3"
